{
  "73fac833-a05c-4bab-92fa-67b2e54841ae": {
    "asset": 1502940282000,
    "meta": 1503450225871,
    "relativePath": "Animation\\label1_moveright.anim"
  },
  "2cce33a9-3e42-4f9d-a57e-284bec2a1b5d": {
    "asset": 1502940282000,
    "meta": 1503450225874,
    "relativePath": "Animation\\label2_moveright.anim"
  },
  "8bd544ae-6962-4d19-b55b-884bce6acb35": {
    "asset": 1503450196418,
    "meta": 1503450225879,
    "relativePath": "resourse\\fonts"
  },
  "2d3c936d-a152-45cd-b597-f78cb8cb33a5": {
    "asset": 1502940282000,
    "meta": 1503450225876,
    "relativePath": "Animation\\startGame_moveright.anim"
  },
  "93ed62d8-e8fe-476f-90ce-9c21e22b49d5": {
    "asset": 1505715438770,
    "meta": 1505723134349,
    "relativePath": "resourse\\Prefab"
  },
  "beca12ed-8e5b-4bab-b963-b05d51871c76": {
    "asset": 1502940282000,
    "meta": 1503450225883,
    "relativePath": "resourse\\Prefab\\game_num_2.prefab"
  },
  "c8cb479b-587a-4f89-a4a5-867601663c12": {
    "asset": 1502940282000,
    "meta": 1503450225893,
    "relativePath": "resourse\\fonts\\kaiti.ttf"
  },
  "21fb5383-207e-41b4-bd1f-0a8a6ceb76cc": {
    "asset": 1502940282000,
    "meta": 1503450225896,
    "relativePath": "resourse\\Prefab\\game_num_3.prefab"
  },
  "d3472538-487b-4878-8433-554c73547162": {
    "asset": 1502940282000,
    "meta": 1503450225899,
    "relativePath": "resourse\\Prefab\\game_num_4.prefab"
  },
  "7f31124d-163e-4531-bb53-095fd707b64d": {
    "asset": 1502940282000,
    "meta": 1503450225901,
    "relativePath": "resourse\\Prefab\\gameModel.prefab"
  },
  "d3ec7b30-03f1-48ff-8217-1e1fcbcae987": {
    "asset": 1502949782000,
    "meta": 1503450225904,
    "relativePath": "resourse\\Prefab\\guess.prefab"
  },
  "478dba94-b668-4a68-93ea-9cdd9db39e3f": {
    "asset": 1502960990000,
    "meta": 1503450225907,
    "relativePath": "resourse\\Prefab\\helpInfo.prefab"
  },
  "8f73fd05-9eab-4a6e-9e58-8daa544d9d4c": {
    "asset": 1502940282000,
    "meta": 1503450225908,
    "relativePath": "resourse\\Prefab\\MingTag.prefab"
  },
  "d6013d94-d7b3-4b33-9527-6cf7e5889087": {
    "asset": 1505813623082,
    "meta": 1505813623109,
    "relativePath": "Scene\\HallScene.fire"
  },
  "6ac41a79-0a42-431e-adf4-43ea048604d2": {
    "asset": 1502940282000,
    "meta": 1504506941282,
    "relativePath": "Scene\\WaitingGameScene.fire"
  },
  "5d18894d-2071-491c-bdc5-4395441131c5": {
    "asset": 1502940282000,
    "meta": 1504506946177,
    "relativePath": "Scene\\WaitingLoginSene.fire"
  },
  "246e18b9-3143-49f6-9066-426ccd0fd014": {
    "asset": 1505365050969,
    "meta": 1505365050985,
    "relativePath": "Scene\\WelcomeScene.fire"
  },
  "cdabbcf1-750d-43a0-b859-fc471c1136e3": {
    "asset": 1502961102000,
    "meta": 1503450227034,
    "relativePath": "Script\\HelpTips.js"
  },
  "4e6b681e-415e-4011-80ff-64014d34453e": {
    "asset": 1503032932000,
    "meta": 1503450225873,
    "relativePath": "Animation\\guessRight.anim"
  },
  "3d953386-5794-4b78-a046-dbb1d718c9c4": {
    "asset": 1503454683179,
    "meta": 1503454683207,
    "relativePath": "resourse\\Prefab\\continue_play.prefab"
  },
  "605e7c25-9753-4d8f-b152-76f98a92226d": {
    "asset": 1503991485000,
    "meta": 1503991541159,
    "relativePath": "Script\\WaitingGameScene.js"
  },
  "ce10717d-b133-4e58-a9fb-79e43376d16f": {
    "asset": 1505185849803,
    "meta": 1505185849832,
    "relativePath": "Animation\\newsFlow.anim"
  },
  "d5ad0212-2878-486f-905d-9318da249ba8": {
    "asset": 1502940282000,
    "meta": 1504501528416,
    "relativePath": "Texture\\background\\bg_black.png"
  },
  "3391704a-bfa0-4df5-96e3-442481c33c6f": {
    "asset": 1503454230635,
    "meta": 1504501528423,
    "relativePath": "Texture\\background\\bg_desk.png"
  },
  "468f79d8-277a-4b18-b7ad-b12a05c5385a": {
    "asset": 1501123346530,
    "meta": 1504501528425,
    "relativePath": "Texture\\background\\bg_grey.png"
  },
  "5dbc2dc4-a1bd-4d11-9258-45cc3426b0dc": {
    "asset": 1502940282000,
    "meta": 1504501528431,
    "relativePath": "Texture\\background\\bg_toast.png"
  },
  "587390c1-009d-484b-a6af-7cb6d1844d66": {
    "asset": 1502940282000,
    "meta": 1504501528435,
    "relativePath": "Texture\\background\\bg_white.png"
  },
  "7525340e-a8ae-42fe-b06c-7e3126283da2": {
    "asset": 1502940282000,
    "meta": 1504501528463,
    "relativePath": "Texture\\background\\bg2.png"
  },
  "4ae3734a-c221-4256-ac9d-bc24d086beb3": {
    "asset": 1502940282000,
    "meta": 1504501528471,
    "relativePath": "Texture\\background\\bg1.png"
  },
  "f48c9119-fc33-4e1c-886f-348febc6cda2": {
    "asset": 1502940282000,
    "meta": 1504501528478,
    "relativePath": "Texture\\background\\bg3.png"
  },
  "c884172a-9609-4cb4-8815-179f788b1859": {
    "asset": 1502940282000,
    "meta": 1504501528509,
    "relativePath": "Texture\\background\\border_bottom.png"
  },
  "0d3bee05-7f49-4a96-af7c-1d482b6654b8": {
    "asset": 1502940282000,
    "meta": 1504501528526,
    "relativePath": "Texture\\background\\border_top.png"
  },
  "3e4e0f62-237d-412c-8208-3cbf05a18034": {
    "asset": 1502940282000,
    "meta": 1504501528535,
    "relativePath": "Texture\\background\\button_bg.png"
  },
  "9382d570-ead7-4494-b681-43749bac07c9": {
    "asset": 1502940282000,
    "meta": 1504501528539,
    "relativePath": "Texture\\background\\close.png"
  },
  "7ca4e290-004b-46d1-bc8d-0655bac6da6c": {
    "asset": 1502940282000,
    "meta": 1504501528545,
    "relativePath": "Texture\\background\\num_minus.png"
  },
  "c5ce1985-e7c5-469b-9de4-0bafc35a72e2": {
    "asset": 1502940282000,
    "meta": 1504501528547,
    "relativePath": "Texture\\background\\num_plus.png"
  },
  "9f6981f5-b1c0-4a0e-a7bc-041262860766": {
    "asset": 1502940282000,
    "meta": 1504501528569,
    "relativePath": "Texture\\button\\back_to_login.png"
  },
  "a9bec6ce-d110-41cf-acb7-e72dfd62d7ee": {
    "asset": 1502940282000,
    "meta": 1504501528590,
    "relativePath": "Texture\\background\\singleColor.png"
  },
  "d04653c5-a331-4b89-b42c-a8121c43f153": {
    "asset": 1502940282000,
    "meta": 1504501528616,
    "relativePath": "Texture\\button\\back_to_login2.png"
  },
  "11255203-02fc-4dd0-8a78-f84a82cd5cf5": {
    "asset": 1502940282000,
    "meta": 1504501528631,
    "relativePath": "Texture\\button\\back.png"
  },
  "d697a2c8-60e9-4553-bd23-ba03218692f2": {
    "asset": 1502940282000,
    "meta": 1504501528658,
    "relativePath": "Texture\\button\\button_list.png"
  },
  "e392d17d-f642-4776-9590-009831220d12": {
    "asset": 1502940282000,
    "meta": 1504501528677,
    "relativePath": "Texture\\button\\chat.png"
  },
  "d5bf0d7a-ada7-4e36-970a-849a1604d80c": {
    "asset": 1502940282000,
    "meta": 1504501528696,
    "relativePath": "Texture\\button\\e-mail.png"
  },
  "78014951-9b59-46bf-8e57-1bc28c406bc5": {
    "asset": 1502940282000,
    "meta": 1504501528716,
    "relativePath": "Texture\\button\\flower_red.png"
  },
  "b9969817-342c-40e2-94f0-2133f5dbe89d": {
    "asset": 1502940282000,
    "meta": 1504501528736,
    "relativePath": "Texture\\button\\flower_white.png"
  },
  "3b8101f4-9f73-4525-9923-a6aa66e5599c": {
    "asset": 1502940282000,
    "meta": 1504501528754,
    "relativePath": "Texture\\button\\help.png"
  },
  "c982852c-3a14-4fb1-916b-0f453b0475a7": {
    "asset": 1502940282000,
    "meta": 1504501528770,
    "relativePath": "Texture\\button\\help2.png"
  },
  "ce6a8d2d-4b9b-45d1-9ef3-10e4fc70d311": {
    "asset": 1502940282000,
    "meta": 1504501528786,
    "relativePath": "Texture\\button\\match.png"
  },
  "f3e3dd06-c5ae-463c-9449-6ed074623f4c": {
    "asset": 1502940282000,
    "meta": 1504501528807,
    "relativePath": "Texture\\button\\match2.png"
  },
  "0546f691-7f96-4e77-adb3-7540a95326f9": {
    "asset": 1502940282000,
    "meta": 1504501528818,
    "relativePath": "Texture\\button\\money_red.png"
  },
  "16501b1f-a7b0-4416-9dfd-18b45a29da6e": {
    "asset": 1502940282000,
    "meta": 1504501528829,
    "relativePath": "Texture\\button\\plus.png"
  },
  "248cb1fa-ffe3-4dc0-a8dc-6372c2725164": {
    "asset": 1502940282000,
    "meta": 1504501528838,
    "relativePath": "Texture\\button\\money_white.png"
  },
  "84920729-e2c7-41c3-bb23-0802936bcb19": {
    "asset": 1502940282000,
    "meta": 1504501528842,
    "relativePath": "Texture\\button\\quit.png"
  },
  "faee964f-3b05-4f59-af8e-6b5bbe8173c8": {
    "asset": 1502940282000,
    "meta": 1504501528866,
    "relativePath": "Texture\\button\\setting.png"
  },
  "8d2c039e-b64d-4380-ba16-98440b4206e2": {
    "asset": 1502940282000,
    "meta": 1504501528876,
    "relativePath": "Texture\\button\\setting2.png"
  },
  "dc8aedcd-6f89-4e96-a6e3-1a6ccefd95bd": {
    "asset": 1502940282000,
    "meta": 1504501528893,
    "relativePath": "Texture\\button\\shop.png"
  },
  "214f0d2f-d3f8-42d1-8102-d37716173d4d": {
    "asset": 1502940282000,
    "meta": 1504501528910,
    "relativePath": "Texture\\button\\startGame.png"
  },
  "da967c15-a1ac-4ee8-bb55-75427de62504": {
    "asset": 1502940282000,
    "meta": 1504501528926,
    "relativePath": "Texture\\button\\startGame2.png"
  },
  "d5ef51ab-47df-496e-ae03-aa62e32325d1": {
    "asset": 1502940282000,
    "meta": 1504501528938,
    "relativePath": "Texture\\button\\trophy_red.png"
  },
  "9ebe144a-79e1-46db-8fa5-2ffe68d00685": {
    "asset": 1503987062298,
    "meta": 1504501529069,
    "relativePath": "Texture\\game\\chatBoxbg.png"
  },
  "d906864e-8e38-4557-aa31-fc36a65c9688": {
    "asset": 1502940282000,
    "meta": 1504501528958,
    "relativePath": "Texture\\button\\trophy_white.png"
  },
  "e95c24c9-0fb1-4a70-b0e5-41f1efbe9c95": {
    "asset": 1502940282000,
    "meta": 1504501529076,
    "relativePath": "Texture\\game\\diamond.png"
  },
  "375feb60-43bb-41cf-a32f-6b3a6bc4a807": {
    "asset": 1502940282000,
    "meta": 1504501529087,
    "relativePath": "Texture\\game\\name_image.png"
  },
  "a914e11a-e17e-487a-9b24-dc1f79219039": {
    "asset": 1502940282000,
    "meta": 1504501529098,
    "relativePath": "Texture\\game\\player_head1.png"
  },
  "6b9e54fd-3474-4bdb-a535-4c38154aeb2f": {
    "asset": 1502940282000,
    "meta": 1504501529110,
    "relativePath": "Texture\\game\\level_image.png"
  },
  "c37464df-c64e-4d5f-beaf-3f49696dac66": {
    "asset": 1502940282000,
    "meta": 1504501529113,
    "relativePath": "Texture\\game\\score_image.png"
  },
  "c1cd3975-6e88-40f0-8bcc-cff03ec2e4bc": {
    "asset": 1502940282000,
    "meta": 1504501529123,
    "relativePath": "Texture\\game\\tag_01.png"
  },
  "f9f01da7-f8fe-4ee3-8276-404077afc7f1": {
    "asset": 1504255125489,
    "meta": 1504501529132,
    "relativePath": "Texture\\game\\turn_left.png"
  },
  "ad90c268-6421-4508-b1c4-894054c93bb7": {
    "asset": 1502940282000,
    "meta": 1504501529147,
    "relativePath": "Texture\\game\\table.png"
  },
  "4523d530-1083-4fee-b638-73eb3d87bad0": {
    "asset": 1504255158922,
    "meta": 1504501529152,
    "relativePath": "Texture\\game\\turn_my.png"
  },
  "68061f30-20fc-411f-936b-ac032ef54c07": {
    "asset": 1504255114051,
    "meta": 1504501529157,
    "relativePath": "Texture\\game\\turn_opposite.png"
  },
  "71441fdf-0a8f-4049-8ab5-3e772e10636d": {
    "asset": 1504255119510,
    "meta": 1504501529162,
    "relativePath": "Texture\\game\\turn_right.png"
  },
  "e2b839ae-93bc-4462-9747-91674dd24d20": {
    "asset": 1504501550057,
    "meta": 1504501550087,
    "relativePath": "Texture\\game\\cards"
  },
  "d4f029a0-7124-4aa6-85de-66b761f1c649": {
    "asset": 1504501550013,
    "meta": 1504501550114,
    "relativePath": "Texture\\game\\cards\\left"
  },
  "cf7e0bdd-9c96-46ee-8051-2ea357c14025": {
    "asset": 1502940280380,
    "meta": 1504501550275,
    "relativePath": "Texture\\game\\cards\\left\\card_left.plist"
  },
  "e130ca1a-3bf9-4da9-bcbf-f794d6a6f184": {
    "asset": 1504501550037,
    "meta": 1504501550131,
    "relativePath": "Texture\\game\\cards\\myself"
  },
  "01884124-9106-4154-8c57-13ca8f3fb918": {
    "asset": 1502940280384,
    "meta": 1504501550315,
    "relativePath": "Texture\\game\\cards\\myself\\card_myself.plist"
  },
  "3c3016fd-677a-4f91-9829-a6ee93f3108d": {
    "asset": 1502940280383,
    "meta": 1504501550159,
    "relativePath": "Texture\\game\\cards\\left\\card_left.png"
  },
  "bc7d72f7-4fd9-4e0a-9dc8-49aef897de6b": {
    "asset": 1504502062863,
    "meta": 1504573033312,
    "relativePath": "Texture\\game\\cards\\opposite"
  },
  "5d5f67f3-ad4d-40cc-a08a-37f8f51bf40a": {
    "asset": 1502940280387,
    "meta": 1504501550186,
    "relativePath": "Texture\\game\\cards\\myself\\card_myself.png"
  },
  "e7218196-4b47-423c-a424-69f950dacf90": {
    "asset": 1504501550076,
    "meta": 1504501550188,
    "relativePath": "Texture\\game\\cards\\right"
  },
  "a9276606-0b2b-4605-b2c0-19a0a314d522": {
    "asset": 1502940280393,
    "meta": 1504501550393,
    "relativePath": "Texture\\game\\cards\\right\\card_right.plist"
  },
  "9499459d-2ba9-4008-ba3d-2ca41f0ab496": {
    "asset": 1502940280396,
    "meta": 1504501550232,
    "relativePath": "Texture\\game\\cards\\right\\card_right.png"
  },
  "1daa5311-8a48-46a0-be04-6272745d0470": {
    "asset": 1504502029622,
    "meta": 1504502062965,
    "relativePath": "Texture\\game\\cards\\opposite\\card_opposite.plist"
  },
  "4367e5c7-efe6-4889-9eb3-b443abbcf08e": {
    "asset": 1504502029620,
    "meta": 1504502062920,
    "relativePath": "Texture\\game\\cards\\opposite\\card_opposite.png"
  },
  "b44f70c7-209e-4fab-83fa-beee4583753f": {
    "asset": 1504509764896,
    "meta": 1504509773542,
    "relativePath": "Script\\HttpUtils.js"
  },
  "f8c5bfc8-8e60-439c-83e6-b4dfe2e31d64": {
    "asset": 1504576038539,
    "meta": 1504576038595,
    "relativePath": "Texture\\game\\back_to_hall.png"
  },
  "cae720ad-5e82-4dd0-8fc5-bcdb97e9d69c": {
    "asset": 1504576089305,
    "meta": 1504576089338,
    "relativePath": "Texture\\game\\rematch.png"
  },
  "82807e32-804a-49c3-a68b-68224e8b58c0": {
    "asset": 1504577892000,
    "meta": 1504577907916,
    "relativePath": "Script\\GameOver.js"
  },
  "6236cb4f-9907-430e-b061-683684cb40cc": {
    "asset": 1504597231527,
    "meta": 1504597231766,
    "relativePath": "Texture\\background\\tcardbg.png"
  },
  "74725ac7-c809-4815-8c40-027c8cb441ee": {
    "asset": 1504601034184,
    "meta": 1504601034197,
    "relativePath": "resourse\\Prefab\\Mtacrdbg.prefab"
  },
  "bd0fb6e6-41b4-4857-86b8-5942d7573a6d": {
    "asset": 1504601036647,
    "meta": 1504601036651,
    "relativePath": "resourse\\Prefab\\Otacrdbg.prefab"
  },
  "86dbf33a-84f4-4a66-b9b4-dddc96c3aec0": {
    "asset": 1504601038649,
    "meta": 1504601038652,
    "relativePath": "resourse\\Prefab\\Ltacrdbg.prefab"
  },
  "3eb7742b-69fd-43e3-83a6-50fd0c45b46f": {
    "asset": 1504601039962,
    "meta": 1504601039971,
    "relativePath": "resourse\\Prefab\\Rtacrdbg.prefab"
  },
  "8092b990-8803-4f39-82f4-93ec4280a55c": {
    "asset": 1504081053586,
    "meta": 1504601227275,
    "relativePath": "Animation"
  },
  "28a74c80-f0ef-4b96-81c4-b561b622858a": {
    "asset": 1503450196421,
    "meta": 1504601227276,
    "relativePath": "resourse"
  },
  "4a62b58f-9cd4-449a-8c4e-6ea4bf1824a6": {
    "asset": 1505701880445,
    "meta": 1505723134350,
    "relativePath": "Scene"
  },
  "28b6b6ac-b6e2-41d5-9177-1fda4bdc529f": {
    "asset": 1505716462378,
    "meta": 1505723134351,
    "relativePath": "Script"
  },
  "c05e5edd-e7dd-4dc0-a236-47072f7baec1": {
    "asset": 1504601227035,
    "meta": 1504601227283,
    "relativePath": "Texture"
  },
  "153e3a5a-52e3-498d-8a05-fe70b172872e": {
    "asset": 1505294596019,
    "meta": 1505350499679,
    "relativePath": "Texture\\background"
  },
  "2b162184-6556-4ffb-b6e7-c36d1069493c": {
    "asset": 1505368646212,
    "meta": 1505436761651,
    "relativePath": "Texture\\button"
  },
  "30c13ec1-84da-4704-befa-96a832098596": {
    "asset": 1505265791658,
    "meta": 1505350499680,
    "relativePath": "Texture\\game"
  },
  "b0cb6cb2-67c3-437a-b72d-6f76c6af5ccd": {
    "asset": 1505373811476,
    "meta": 1505373811545,
    "relativePath": "Scene\\GameScene.fire"
  },
  "faa35aa1-1df8-492e-8416-b62311d7c37d": {
    "asset": 1504670754151,
    "meta": 1504670754173,
    "relativePath": "resourse\\Prefab\\num_4.prefab"
  },
  "3f50fcd7-859f-46aa-b7ec-0df496879401": {
    "asset": 1504834252000,
    "meta": 1504834257053,
    "relativePath": "Script\\CardMgr.js"
  },
  "02d708fb-b5bc-47d0-8551-3ea9df95cf17": {
    "asset": 1504849448000,
    "meta": 1504849559450,
    "relativePath": "Script\\CardActivity.js"
  },
  "f8e6b000-5643-4b86-9080-aa680ce1f599": {
    "asset": 1498727885449,
    "meta": 1505092821962,
    "relativePath": "image"
  },
  "71561142-4c83-4933-afca-cb7a17f67053": {
    "asset": 1497494254000,
    "meta": 1505092822186,
    "relativePath": "image\\default_btn_disabled.png"
  },
  "e851e89b-faa2-4484-bea6-5c01dd9f06e2": {
    "asset": 1497494254000,
    "meta": 1505092822189,
    "relativePath": "image\\default_btn_normal.png"
  },
  "b43ff3c2-02bb-4874-81f7-f2dea6970f18": {
    "asset": 1497494254000,
    "meta": 1505092822193,
    "relativePath": "image\\default_btn_pressed.png"
  },
  "d81ec8ad-247c-4e62-aa3c-d35c4193c7af": {
    "asset": 1497494254000,
    "meta": 1505092822195,
    "relativePath": "image\\default_panel.png"
  },
  "99170b0b-d210-46f1-b213-7d9e3f23098a": {
    "asset": 1497494254000,
    "meta": 1505092822201,
    "relativePath": "image\\default_progressbar_bg.png"
  },
  "cfef78f1-c8df-49b7-8ed0-4c953ace2621": {
    "asset": 1497494254000,
    "meta": 1505092822204,
    "relativePath": "image\\default_progressbar.png"
  },
  "567dcd80-8bf4-4535-8a5a-313f1caf078a": {
    "asset": 1497494254000,
    "meta": 1505092822208,
    "relativePath": "image\\default_radio_button_off.png"
  },
  "9d60001f-b5f4-4726-a629-2659e3ded0b8": {
    "asset": 1497494254000,
    "meta": 1505092822210,
    "relativePath": "image\\default_radio_button_on.png"
  },
  "4bab67cb-18e6-4099-b840-355f0473f890": {
    "asset": 1497494254000,
    "meta": 1505092822216,
    "relativePath": "image\\default_scrollbar_bg.png"
  },
  "617323dd-11f4-4dd3-8eec-0caf6b3b45b9": {
    "asset": 1497494254000,
    "meta": 1505092822219,
    "relativePath": "image\\default_scrollbar_vertical_bg.png"
  },
  "d6d3ca85-4681-47c1-b5dd-d036a9d39ea2": {
    "asset": 1497494254000,
    "meta": 1505092822225,
    "relativePath": "image\\default_scrollbar_vertical.png"
  },
  "0291c134-b3da-4098-b7b5-e397edbe947f": {
    "asset": 1497494254000,
    "meta": 1505092822228,
    "relativePath": "image\\default_scrollbar.png"
  },
  "0275e94c-56a7-410f-bd1a-fc7483f7d14a": {
    "asset": 1497494254000,
    "meta": 1505092822234,
    "relativePath": "image\\default_sprite_splash.png"
  },
  "6e056173-d285-473c-b206-40a7fff5386e": {
    "asset": 1497494254000,
    "meta": 1505092822236,
    "relativePath": "image\\default_sprite.png"
  },
  "73a0903d-d80e-4e3c-aa67-f999543c08f5": {
    "asset": 1497494254000,
    "meta": 1505092822241,
    "relativePath": "image\\default_toggle_checkmark.png"
  },
  "c25b9d50-c8fc-4d27-beeb-6e7c1f2e5c0f": {
    "asset": 1497494254000,
    "meta": 1505092822252,
    "relativePath": "image\\default_toggle_disabled.png"
  },
  "d29077ba-1627-4a72-9579-7b56a235340c": {
    "asset": 1497494254000,
    "meta": 1505092822248,
    "relativePath": "image\\default_toggle_normal.png"
  },
  "b181c1e4-0a72-4a91-bfb0-ae6f36ca60bd": {
    "asset": 1497494254000,
    "meta": 1505092822362,
    "relativePath": "image\\default_toggle_pressed.png"
  },
  "fc09f9bd-2cce-4605-b630-8145ef809ed6": {
    "asset": 1498727849711,
    "meta": 1505092822253,
    "relativePath": "misc"
  },
  "2be36297-9abb-4fee-8049-9ed5e271da8a": {
    "asset": 1497494254000,
    "meta": 1497494254000,
    "relativePath": "misc\\default_video.mp4"
  },
  "f6e6dd15-71d1-4ffe-ace7-24fd39942c05": {
    "asset": 1498727858496,
    "meta": 1505092822255,
    "relativePath": "obsolete"
  },
  "b8223619-7e38-47c4-841f-9160c232495a": {
    "asset": 1497494254000,
    "meta": 1497494254000,
    "relativePath": "obsolete\\atom.plist"
  },
  "f743d2b6-b7ea-4c14-a55b-547ed4d0a045": {
    "asset": 1498727849729,
    "meta": 1505092822261,
    "relativePath": "particle"
  },
  "b2687ac4-099e-403c-a192-ff477686f4f5": {
    "asset": 1497494254000,
    "meta": 1497494254000,
    "relativePath": "particle\\atom.plist"
  },
  "ae6c6c98-11e4-452f-8758-75f5c6a56e83": {
    "asset": 1498727893516,
    "meta": 1505092822265,
    "relativePath": "prefab"
  },
  "972b9a4d-47ee-4c74-b5c3-61d8a69bc29f": {
    "asset": 1497494254000,
    "meta": 1505092822311,
    "relativePath": "prefab\\button.prefab"
  },
  "2c937608-2562-40ea-b264-7395df6f0cea": {
    "asset": 1497494254000,
    "meta": 1505092822312,
    "relativePath": "prefab\\canvas.prefab"
  },
  "61aeb05b-3b32-452b-8eed-2b76deeed554": {
    "asset": 1497494254000,
    "meta": 1505092822314,
    "relativePath": "prefab\\editbox.prefab"
  },
  "27756ebb-3d33-44b0-9b96-e858fadd4dd4": {
    "asset": 1497494254000,
    "meta": 1505092822315,
    "relativePath": "prefab\\label.prefab"
  },
  "785a442c-3ceb-45be-a46e-7317f625f3b9": {
    "asset": 1497494254000,
    "meta": 1505092822317,
    "relativePath": "prefab\\layout.prefab"
  },
  "ca8401fe-ad6e-41a8-bd46-8e3e4e9945be": {
    "asset": 1497494254000,
    "meta": 1505092822319,
    "relativePath": "prefab\\pageview.prefab"
  },
  "cd33edea-55f5-46c2-958d-357a01384a36": {
    "asset": 1497494254000,
    "meta": 1505092822321,
    "relativePath": "prefab\\particlesystem.prefab"
  },
  "5965ffac-69da-4b55-bcde-9225d0613c28": {
    "asset": 1497494256000,
    "meta": 1505092822323,
    "relativePath": "prefab\\progressBar.prefab"
  },
  "4a37dd57-78cd-4cec-aad4-f11a73d12b63": {
    "asset": 1497494256000,
    "meta": 1505092822324,
    "relativePath": "prefab\\richtext.prefab"
  },
  "32044bd2-481f-4cf1-a656-e2b2fb1594eb": {
    "asset": 1497494256000,
    "meta": 1505092822327,
    "relativePath": "prefab\\scrollview.prefab"
  },
  "0004d1cf-a0ad-47d8-ab17-34d3db9d35a3": {
    "asset": 1497494256000,
    "meta": 1505092822329,
    "relativePath": "prefab\\slider.prefab"
  },
  "1f55e3be-b89b-4b79-88de-47fd31018044": {
    "asset": 1497494256000,
    "meta": 1505092822331,
    "relativePath": "prefab\\sprite_splash.prefab"
  },
  "96083d03-c332-4a3f-9386-d03e2d19e8ee": {
    "asset": 1497494256000,
    "meta": 1505092822332,
    "relativePath": "prefab\\sprite.prefab"
  },
  "7de03a80-4457-438d-95a7-3e7cdffd6086": {
    "asset": 1497494256000,
    "meta": 1505092822334,
    "relativePath": "prefab\\tiledmap.prefab"
  },
  "0d784963-d024-4ea6-a7db-03be0ad63010": {
    "asset": 1497494256000,
    "meta": 1505092822339,
    "relativePath": "prefab\\toggle.prefab"
  },
  "bf0a434c-84dd-4a8e-a08a-7a36f180cc75": {
    "asset": 1497494256000,
    "meta": 1505092822341,
    "relativePath": "prefab\\toggleGroup.prefab"
  },
  "232d2782-c4bd-4bb4-9e01-909f03d6d3b9": {
    "asset": 1497494256000,
    "meta": 1505092822344,
    "relativePath": "prefab\\videoplayer.prefab"
  },
  "8c5001fd-07ee-4a4b-a8a0-63e15195e94d": {
    "asset": 1497494256000,
    "meta": 1505092822345,
    "relativePath": "prefab\\webview.prefab"
  },
  "becf734b-f636-47ef-8bfd-65e4b0b075dd": {
    "asset": 1505181623110,
    "meta": 1505181623149,
    "relativePath": "Texture\\button\\moreNews.png"
  },
  "e7992c9a-2f07-41c3-a2a8-af0da55da7ea": {
    "asset": 1505190463780,
    "meta": 1505190463815,
    "relativePath": "Texture\\button\\friend_icon.png"
  },
  "3b2eba95-caa0-45be-a34a-673624b5fecd": {
    "asset": 1505194562986,
    "meta": 1505194563034,
    "relativePath": "Texture\\background\\friend_list.jpg"
  },
  "05c70e02-aa0d-42b8-be14-63fdec6130e5": {
    "asset": 1505726888206,
    "meta": 1505726888221,
    "relativePath": "resourse\\Prefab\\Item_friend.prefab"
  },
  "cca1a62c-5b13-4ae6-bdd0-0f3fd0fccd3a": {
    "asset": 1505208127302,
    "meta": 1505208127344,
    "relativePath": "Texture\\button\\search_icon.png"
  },
  "548e1c83-ef03-4fd3-b316-61bd134a2ad0": {
    "asset": 1505269423338,
    "meta": 1505350499680,
    "relativePath": "Texture\\game\\heads"
  },
  "bd4aea15-e1e1-4422-a387-fd893ea92308": {
    "asset": 1505269303788,
    "meta": 1505269423403,
    "relativePath": "Texture\\game\\heads\\heads.png"
  },
  "d0bfc62a-2fb4-4879-8e19-5a7bb10c73a9": {
    "asset": 1505269310250,
    "meta": 1505269419751,
    "relativePath": "Texture\\game\\heads\\heads.plist"
  },
  "96beae9c-488d-4b8c-9026-3329902ef00c": {
    "asset": 1505294595992,
    "meta": 1505294596123,
    "relativePath": "Texture\\background\\chatbg.png"
  },
  "2456eba3-2048-4c10-b0a2-9aeb98694acf": {
    "asset": 1505368646208,
    "meta": 1505368646229,
    "relativePath": "Texture\\button\\selecting.png"
  },
  "16f63c03-f605-4935-a949-3e5cee9e4095": {
    "asset": 1505456291271,
    "meta": 1505456291279,
    "relativePath": "resourse\\Prefab\\Item_mail.prefab"
  },
  "b0452c48-13a9-4e1c-80e1-33c55bb6aa46": {
    "asset": 1505440959000,
    "meta": 1505441114296,
    "relativePath": "Script\\ItemMail.js"
  },
  "b8756c86-ea1d-4d60-876c-2fa090a043c0": {
    "asset": 1505454583000,
    "meta": 1505455818648,
    "relativePath": "Script\\GameScene.js"
  },
  "ec8bca7b-7f9a-41b6-9507-33c024c83d1b": {
    "asset": 1505720722089,
    "meta": 1505720722097,
    "relativePath": "Scene\\LoginScene.fire"
  },
  "0f8b4133-4e8e-4696-b2b5-dc52304f0db7": {
    "asset": 1505703025723,
    "meta": 1505703500382,
    "relativePath": "Script\\WelcomeScene.js"
  },
  "161a1901-7568-46fe-aada-720c2cbce850": {
    "asset": 1505715628894,
    "meta": 1505715628927,
    "relativePath": "resourse\\Prefab\\Item_asking_friend.prefab"
  },
  "41e59c38-dcb7-4b31-8e00-62a0df225eef": {
    "asset": 1505717145749,
    "meta": 1505717954552,
    "relativePath": "Script\\MailList.js"
  },
  "3a3fefec-b564-4009-b1db-6ee7af02f019": {
    "asset": 1505721129000,
    "meta": 1505721134905,
    "relativePath": "Script\\HallScene.js"
  },
  "dcf79397-95b1-4c94-ba89-93361a899190": {
    "asset": 1505788966000,
    "meta": 1505789022549,
    "relativePath": "Script\\LoginScene.js"
  },
  "d151135b-06bb-42e1-a845-a76da03e9062": {
    "asset": 1505790530000,
    "meta": 1505790536840,
    "relativePath": "Script\\ItemFriend.js"
  },
  "cfc664c6-f577-4f2d-965b-d00c01780d10": {
    "asset": 1505802761073,
    "meta": 1505802789043,
    "relativePath": "Script\\AskingFriendList.js"
  },
  "7621e1b1-c881-4135-9792-fc42087c199f": {
    "asset": 1505802726839,
    "meta": 1505802789044,
    "relativePath": "Script\\SearchedFriendsList.js"
  },
  "dca6c439-e8f9-41f6-8150-b74cd6fdf961": {
    "asset": 1505806333442,
    "meta": 1505806366620,
    "relativePath": "Script\\FriendActivity.js"
  },
  "8440b9d5-4ca8-4360-8e3d-80985c8c33b0": {
    "asset": 1505810014946,
    "meta": 1505811281738,
    "relativePath": "Script\\UserData.js"
  },
  "0231a44b-8239-41ab-8e93-37879181b9c2": {
    "asset": 1505812982000,
    "meta": 1505813081529,
    "relativePath": "Script\\SoketUtils.js"
  },
  "7dc9dcfa-439e-4092-b118-16e73c7b4576": {
    "asset": 1505813582000,
    "meta": 1505813603356,
    "relativePath": "Script\\FriendsList.js"
  },
  "8aea2e16-3fdb-443c-ab4b-7edc1af7032e": {
    "asset": 1505813717000,
    "meta": 1505813719597,
    "relativePath": "Script\\FloatingBox.js"
  }
}