{
  "item-states": [
    {
      "folded": false,
      "id": "mount-assets"
    },
    {
      "folded": false,
      "id": "4a62b58f-9cd4-449a-8c4e-6ea4bf1824a6"
    },
    {
      "folded": false,
      "id": "28b6b6ac-b6e2-41d5-9177-1fda4bdc529f"
    },
    {
      "folded": false,
      "id": "c05e5edd-e7dd-4dc0-a236-47072f7baec1"
    },
    {
      "folded": false,
      "id": "28a74c80-f0ef-4b96-81c4-b561b622858a"
    },
    {
      "folded": false,
      "id": "8092b990-8803-4f39-82f4-93ec4280a55c"
    },
    {
      "folded": false,
      "id": "30c13ec1-84da-4704-befa-96a832098596"
    },
    {
      "folded": false,
      "id": "8bd544ae-6962-4d19-b55b-884bce6acb35"
    },
    {
      "folded": false,
      "id": "2b162184-6556-4ffb-b6e7-c36d1069493c"
    },
    {
      "folded": false,
      "id": "93ed62d8-e8fe-476f-90ce-9c21e22b49d5"
    },
    {
      "folded": true,
      "id": "e2b839ae-93bc-4462-9747-91674dd24d20"
    },
    {
      "folded": false,
      "id": "548e1c83-ef03-4fd3-b316-61bd134a2ad0"
    },
    {
      "folded": false,
      "id": "153e3a5a-52e3-498d-8a05-fe70b172872e"
    },
    {
      "folded": true,
      "id": "ad90c268-6421-4508-b1c4-894054c93bb7"
    },
    {
      "folded": true,
      "id": "16501b1f-a7b0-4416-9dfd-18b45a29da6e"
    },
    {
      "folded": true,
      "id": "c1cd3975-6e88-40f0-8bcc-cff03ec2e4bc"
    },
    {
      "folded": true,
      "id": "11255203-02fc-4dd0-8a78-f84a82cd5cf5"
    },
    {
      "folded": true,
      "id": "dc8aedcd-6f89-4e96-a6e3-1a6ccefd95bd"
    },
    {
      "folded": true,
      "id": "d4f029a0-7124-4aa6-85de-66b761f1c649"
    },
    {
      "folded": true,
      "id": "e392d17d-f642-4776-9590-009831220d12"
    },
    {
      "folded": true,
      "id": "3b8101f4-9f73-4525-9923-a6aa66e5599c"
    },
    {
      "folded": true,
      "id": "84920729-e2c7-41c3-bb23-0802936bcb19"
    },
    {
      "folded": true,
      "id": "e7218196-4b47-423c-a424-69f950dacf90"
    },
    {
      "folded": true,
      "id": "cae720ad-5e82-4dd0-8fc5-bcdb97e9d69c"
    },
    {
      "folded": true,
      "id": "c982852c-3a14-4fb1-916b-0f453b0475a7"
    },
    {
      "folded": true,
      "id": "ce6a8d2d-4b9b-45d1-9ef3-10e4fc70d311"
    },
    {
      "folded": true,
      "id": "4523d530-1083-4fee-b638-73eb3d87bad0"
    },
    {
      "folded": true,
      "id": "e95c24c9-0fb1-4a70-b0e5-41f1efbe9c95"
    },
    {
      "folded": true,
      "id": "d5bf0d7a-ada7-4e36-970a-849a1604d80c"
    },
    {
      "folded": true,
      "id": "f3e3dd06-c5ae-463c-9449-6ed074623f4c"
    },
    {
      "folded": true,
      "id": "e130ca1a-3bf9-4da9-bcbf-f794d6a6f184"
    },
    {
      "folded": true,
      "id": "7525340e-a8ae-42fe-b06c-7e3126283da2"
    },
    {
      "folded": true,
      "id": "9ebe144a-79e1-46db-8fa5-2ffe68d00685"
    },
    {
      "folded": true,
      "id": "4ae3734a-c221-4256-ac9d-bc24d086beb3"
    },
    {
      "folded": true,
      "id": "faee964f-3b05-4f59-af8e-6b5bbe8173c8"
    },
    {
      "folded": true,
      "id": "f48c9119-fc33-4e1c-886f-348febc6cda2"
    },
    {
      "folded": true,
      "id": "f9f01da7-f8fe-4ee3-8276-404077afc7f1"
    },
    {
      "folded": true,
      "id": "375feb60-43bb-41cf-a32f-6b3a6bc4a807"
    },
    {
      "folded": true,
      "id": "8d2c039e-b64d-4380-ba16-98440b4206e2"
    },
    {
      "folded": true,
      "id": "becf734b-f636-47ef-8bfd-65e4b0b075dd"
    },
    {
      "folded": true,
      "id": "71441fdf-0a8f-4049-8ab5-3e772e10636d"
    },
    {
      "folded": true,
      "id": "bc7d72f7-4fd9-4e0a-9dc8-49aef897de6b"
    },
    {
      "folded": true,
      "id": "bd4aea15-e1e1-4422-a387-fd893ea92308"
    },
    {
      "folded": true,
      "id": "c37464df-c64e-4d5f-beaf-3f49696dac66"
    },
    {
      "folded": true,
      "id": "9382d570-ead7-4494-b681-43749bac07c9"
    },
    {
      "folded": true,
      "id": "2456eba3-2048-4c10-b0a2-9aeb98694acf"
    },
    {
      "folded": true,
      "id": "6b9e54fd-3474-4bdb-a535-4c38154aeb2f"
    },
    {
      "folded": true,
      "id": "214f0d2f-d3f8-42d1-8102-d37716173d4d"
    },
    {
      "folded": true,
      "id": "0546f691-7f96-4e77-adb3-7540a95326f9"
    },
    {
      "folded": true,
      "id": "96beae9c-488d-4b8c-9026-3329902ef00c"
    },
    {
      "folded": true,
      "id": "f8c5bfc8-8e60-439c-83e6-b4dfe2e31d64"
    },
    {
      "folded": true,
      "id": "78014951-9b59-46bf-8e57-1bc28c406bc5"
    },
    {
      "folded": true,
      "id": "da967c15-a1ac-4ee8-bb55-75427de62504"
    },
    {
      "folded": true,
      "id": "d5ef51ab-47df-496e-ae03-aa62e32325d1"
    },
    {
      "folded": true,
      "id": "a914e11a-e17e-487a-9b24-dc1f79219039"
    },
    {
      "folded": true,
      "id": "cca1a62c-5b13-4ae6-bdd0-0f3fd0fccd3a"
    },
    {
      "folded": true,
      "id": "e7992c9a-2f07-41c3-a2a8-af0da55da7ea"
    },
    {
      "folded": true,
      "id": "d0bfc62a-2fb4-4879-8e19-5a7bb10c73a9"
    },
    {
      "folded": true,
      "id": "d697a2c8-60e9-4553-bd23-ba03218692f2"
    },
    {
      "folded": true,
      "id": "248cb1fa-ffe3-4dc0-a8dc-6372c2725164"
    },
    {
      "folded": true,
      "id": "68061f30-20fc-411f-936b-ac032ef54c07"
    },
    {
      "folded": true,
      "id": "6236cb4f-9907-430e-b061-683684cb40cc"
    },
    {
      "folded": true,
      "id": "468f79d8-277a-4b18-b7ad-b12a05c5385a"
    },
    {
      "folded": true,
      "id": "3391704a-bfa0-4df5-96e3-442481c33c6f"
    },
    {
      "folded": true,
      "id": "b9969817-342c-40e2-94f0-2133f5dbe89d"
    },
    {
      "folded": true,
      "id": "d906864e-8e38-4557-aa31-fc36a65c9688"
    },
    {
      "folded": true,
      "id": "587390c1-009d-484b-a6af-7cb6d1844d66"
    },
    {
      "folded": true,
      "id": "d5ad0212-2878-486f-905d-9318da249ba8"
    },
    {
      "folded": true,
      "id": "5dbc2dc4-a1bd-4d11-9258-45cc3426b0dc"
    },
    {
      "folded": true,
      "id": "c5ce1985-e7c5-469b-9de4-0bafc35a72e2"
    },
    {
      "folded": true,
      "id": "9f6981f5-b1c0-4a0e-a7bc-041262860766"
    },
    {
      "folded": true,
      "id": "3e4e0f62-237d-412c-8208-3cbf05a18034"
    },
    {
      "folded": true,
      "id": "7ca4e290-004b-46d1-bc8d-0655bac6da6c"
    },
    {
      "folded": true,
      "id": "0d3bee05-7f49-4a96-af7c-1d482b6654b8"
    },
    {
      "folded": true,
      "id": "d04653c5-a331-4b89-b42c-a8121c43f153"
    },
    {
      "folded": true,
      "id": "a9bec6ce-d110-41cf-acb7-e72dfd62d7ee"
    },
    {
      "folded": true,
      "id": "3b2eba95-caa0-45be-a34a-673624b5fecd"
    },
    {
      "folded": true,
      "id": "c884172a-9609-4cb4-8815-179f788b1859"
    },
    {
      "folded": true,
      "id": "3c3016fd-677a-4f91-9829-a6ee93f3108d"
    },
    {
      "folded": true,
      "id": "9499459d-2ba9-4008-ba3d-2ca41f0ab496"
    },
    {
      "folded": true,
      "id": "cf7e0bdd-9c96-46ee-8051-2ea357c14025"
    },
    {
      "folded": true,
      "id": "5d5f67f3-ad4d-40cc-a08a-37f8f51bf40a"
    },
    {
      "folded": true,
      "id": "a9276606-0b2b-4605-b2c0-19a0a314d522"
    },
    {
      "folded": true,
      "id": "01884124-9106-4154-8c57-13ca8f3fb918"
    },
    {
      "folded": true,
      "id": "4367e5c7-efe6-4889-9eb3-b443abbcf08e"
    },
    {
      "folded": true,
      "id": "1daa5311-8a48-46a0-be04-6272745d0470"
    }
  ]
}