{
  "version": "1.1.1",
  "windows": {
    "main": {
      "main": true,
      "url": "app://editor/index.html",
      "windowType": "dockable",
      "x": 73,
      "y": 25,
      "width": 1158,
      "height": 667,
      "layout": {
        "children": [
          {
            "children": [
              {
                "active": 0,
                "children": [
                  "hierarchy"
                ],
                "height": 274,
                "type": "panel",
                "width": 204
              },
              {
                "active": 0,
                "children": [
                  "assets"
                ],
                "height": 263,
                "type": "panel",
                "width": 204
              }
            ],
            "height": 540,
            "type": "dock-v",
            "width": 204
          },
          {
            "children": [
              {
                "children": [
                  {
                    "active": 0,
                    "children": [
                      "scene"
                    ],
                    "height": 311,
                    "type": "panel",
                    "width": 414.984375
                  },
                  {
                    "active": 0,
                    "children": [
                      "node-library"
                    ],
                    "height": 311,
                    "type": "panel",
                    "width": 204
                  }
                ],
                "height": 311,
                "type": "dock-h",
                "width": 621.984375
              },
              {
                "active": 0,
                "children": [
                  "console",
                  "timeline"
                ],
                "height": 226,
                "type": "panel",
                "width": 621.984375
              }
            ],
            "height": 540,
            "type": "dock-v",
            "width": 621.984375
          },
          {
            "active": 0,
            "children": [
              "inspector"
            ],
            "height": 540,
            "type": "panel",
            "width": 304
          }
        ],
        "type": "dock-h"
      },
      "panels": [
        "console",
        "inspector",
        "hierarchy",
        "assets",
        "scene",
        "node-library",
        "timeline"
      ]
    },
    "worker": {}
  },
  "panels": {
    "sprite-editor": {
      "x": 422,
      "y": 85,
      "width": 516,
      "height": 538
    },
    "code-editor": {
      "x": -8,
      "y": -8,
      "width": 1376,
      "height": 744
    },
    "package-asset.import": {
      "x": 447,
      "y": 80,
      "width": 470,
      "height": 574
    }
  }
}