{
  "__type__": "cc.AnimationClip",
  "_name": "label1_moveright",
  "_objFlags": 0,
  "_rawFiles": null,
  "_duration": 2.3333333333333335,
  "sample": 60,
  "speed": 0.8,
  "wrapMode": 1,
  "curveData": {
    "props": {
      "position": [
        {
          "frame": 0,
          "value": [
            -801,
            225
          ]
        },
        {
          "frame": 0.08333333333333333,
          "value": [
            -659,
            225
          ]
        },
        {
          "frame": 0.16666666666666666,
          "value": [
            -532,
            221
          ]
        },
        {
          "frame": 0.25,
          "value": [
            -332,
            221
          ]
        },
        {
          "frame": 0.3333333333333333,
          "value": [
            -132,
            221
          ]
        },
        {
          "frame": 0.4166666666666667,
          "value": [
            0,
            221
          ]
        }
      ],
      "color": [
        {
          "frame": 0,
          "value": {
            "__type__": "cc.Color",
            "r": 255,
            "g": 255,
            "b": 255,
            "a": 255
          }
        },
        {
          "frame": 0.4166666666666667,
          "value": {
            "__type__": "cc.Color",
            "r": 255,
            "g": 255,
            "b": 255,
            "a": 255
          }
        },
        {
          "frame": 0.6666666666666666,
          "value": {
            "__type__": "cc.Color",
            "r": 255,
            "g": 0,
            "b": 0,
            "a": 255
          }
        },
        {
          "frame": 0.9166666666666666,
          "value": {
            "__type__": "cc.Color",
            "r": 0,
            "g": 255,
            "b": 0,
            "a": 255
          }
        },
        {
          "frame": 1.1666666666666667,
          "value": {
            "__type__": "cc.Color",
            "r": 0,
            "g": 0,
            "b": 255,
            "a": 255
          }
        },
        {
          "frame": 1.5,
          "value": {
            "__type__": "cc.Color",
            "r": 255,
            "g": 0,
            "b": 0,
            "a": 255
          }
        },
        {
          "frame": 1.8333333333333333,
          "value": {
            "__type__": "cc.Color",
            "r": 0,
            "g": 255,
            "b": 0,
            "a": 255
          }
        },
        {
          "frame": 2.1666666666666665,
          "value": {
            "__type__": "cc.Color",
            "r": 0,
            "g": 0,
            "b": 255,
            "a": 255
          }
        },
        {
          "frame": 2.3333333333333335,
          "value": {
            "__type__": "cc.Color",
            "r": 255,
            "g": 255,
            "b": 255,
            "a": 255
          }
        }
      ]
    }
  },
  "events": []
}