{
  "__type__": "cc.SpriteAtlas",
  "_name": "card_opposite.plist",
  "_objFlags": 0,
  "_rawFiles": null,
  "_spriteFrames": {
    "O_blackcard_ random": {
      "__uuid__": "84a5ec29-7c12-43f2-8e5b-81cceeff4aad"
    },
    "O_blackcard_0": {
      "__uuid__": "3a17a39f-7f47-4b8c-a276-1d06cc8a3477"
    },
    "O_blackcard_1": {
      "__uuid__": "b2b221b1-28f1-4b14-935d-1211ddd8f7c2"
    },
    "O_blackcard_10": {
      "__uuid__": "15309c46-85c8-4ab4-bd41-e1b78b0a52b8"
    },
    "O_blackcard_11": {
      "__uuid__": "7961ed6a-be02-4077-9b84-0f245b08a4eb"
    },
    "O_blackcard_2": {
      "__uuid__": "27200271-2d25-43f8-9681-4bdb10cd2f4b"
    },
    "O_blackcard_3": {
      "__uuid__": "86c87200-9103-4d41-94a3-8141428a4f1c"
    },
    "O_blackcard_4": {
      "__uuid__": "a8b6bf27-9fae-47a8-abc0-f7b9fbfedb20"
    },
    "O_blackcard_5 ": {
      "__uuid__": "087fe964-ed95-44f2-8227-db8f0de7a006"
    },
    "O_blackcard_6": {
      "__uuid__": "3e5dec3b-3542-48f7-a90b-2b85308b8d1c"
    },
    "O_blackcard_7": {
      "__uuid__": "577d566a-d190-45b3-93c5-9eb628a8cf06"
    },
    "O_blackcard_8": {
      "__uuid__": "cd596bb0-d5d1-4794-9f0e-430f50c368b6"
    },
    "O_blackcard_9": {
      "__uuid__": "d19062bd-4ee1-4a29-8a5b-15337a24349b"
    },
    "O_blackcard_unk": {
      "__uuid__": "b8927f30-5980-4351-a57e-47378d4ad9b5"
    },
    "O_whitecard_ random": {
      "__uuid__": "103ddfe7-9672-46f2-81eb-ab68ea4cedbf"
    },
    "O_whitecard_0": {
      "__uuid__": "6f6f4c2a-0938-429a-a2ad-4221cf8dc7e9"
    },
    "O_whitecard_1": {
      "__uuid__": "86ffaab5-a7df-4d10-82c7-8fdb90a40ba8"
    },
    "O_whitecard_10": {
      "__uuid__": "4e6364b2-c00a-4bbf-b61a-b8fcc9ba4f2e"
    },
    "O_whitecard_11": {
      "__uuid__": "4cb05abb-539a-4c2b-8cba-aefdeb0aad80"
    },
    "O_whitecard_2": {
      "__uuid__": "1d2ca3bf-44b4-47d5-accb-3a9c30a3c556"
    },
    "O_whitecard_3": {
      "__uuid__": "add24dba-03a6-4b67-807a-d8d1f373811c"
    },
    "O_whitecard_4": {
      "__uuid__": "ad47096c-ffa6-490c-9ec6-da3384e1a291"
    },
    "O_whitecard_5": {
      "__uuid__": "ede2ba28-2caf-46f3-a7d6-3b9395363046"
    },
    "O_whitecard_6": {
      "__uuid__": "cd63f0b6-e008-4ff4-91b1-aa15f8d393d9"
    },
    "O_whitecard_7": {
      "__uuid__": "4fb4767e-9147-4654-b9ba-432665f8eb1c"
    },
    "O_whitecard_8": {
      "__uuid__": "a5c7b7a7-32f8-4a9e-b978-06ac24052211"
    },
    "O_whitecard_9": {
      "__uuid__": "ecf7f5af-0156-42b9-8199-3fcf0d919746"
    },
    "O_whitecard_unk": {
      "__uuid__": "2a2e2d73-5e32-4f82-b2ba-b531359effb0"
    }
  }
}