{
  "__type__": "cc.SpriteAtlas",
  "_name": "card_right.plist",
  "_objFlags": 0,
  "_rawFiles": null,
  "_spriteFrames": {
    "L_blackcard_ random": {
      "__uuid__": "a6875508-f3e1-4567-aa0c-c105300b4469"
    },
    "L_blackcard_0": {
      "__uuid__": "fda4c5e3-383e-4e3f-8833-2e634f7cbe64"
    },
    "R_blackcard_1": {
      "__uuid__": "96ea37b7-7439-4499-bc13-a071476662a7"
    },
    "R_blackcard_10": {
      "__uuid__": "a2d2960f-c1ce-468d-b864-92d2d6da56fb"
    },
    "R_blackcard_11": {
      "__uuid__": "e0869a61-7e1b-4bef-a4dc-659db63bc8ec"
    },
    "R_blackcard_2": {
      "__uuid__": "422da2b0-e2e2-458b-be2b-99f7ee21ab83"
    },
    "R_blackcard_3": {
      "__uuid__": "d391d899-7cb6-4712-bd27-84d709245f90"
    },
    "R_blackcard_4": {
      "__uuid__": "e654709d-b497-422f-ab38-9ee3974b9312"
    },
    "R_blackcard_5 ": {
      "__uuid__": "6404aff6-86dd-4b9d-9df9-bbdd4a9bfe25"
    },
    "R_blackcard_6": {
      "__uuid__": "3b106025-26c2-4b19-b820-15956bdb074f"
    },
    "R_blackcard_7": {
      "__uuid__": "47cbc809-f402-4825-856f-84f7d8b790da"
    },
    "R_blackcard_8": {
      "__uuid__": "8465c26f-5509-4b5f-b07b-6e1e08605479"
    },
    "R_blackcard_9": {
      "__uuid__": "5147aa00-4e55-4eb2-b86d-0c138463cdb2"
    },
    "R_blackcard_unk": {
      "__uuid__": "810b5479-fdd1-4ad3-bbd4-1f232831a855"
    },
    "R_whitecard_ random": {
      "__uuid__": "a8182480-f439-4e73-a251-1d00ab033230"
    },
    "R_whitecard_0": {
      "__uuid__": "2144e075-6d9e-4491-86ef-2c95a75a0256"
    },
    "R_whitecard_1": {
      "__uuid__": "ce36fb8c-7704-4289-9220-2610b5c26ac8"
    },
    "R_whitecard_10": {
      "__uuid__": "c39c0a16-ac21-4d52-b224-82557c96e6aa"
    },
    "R_whitecard_11": {
      "__uuid__": "2b50d173-c99c-45e5-8d86-bea8ee297d33"
    },
    "R_whitecard_2": {
      "__uuid__": "9d2b4af5-97f4-4cbc-b00d-f23c39ca0028"
    },
    "R_whitecard_3": {
      "__uuid__": "91345d0d-244f-47e3-92cf-7b4fcdc2b8e3"
    },
    "R_whitecard_4": {
      "__uuid__": "35df30fc-9626-4b8b-8e85-702ce456ee1b"
    },
    "R_whitecard_5": {
      "__uuid__": "abfe91cb-f3e1-4f59-9ebc-a03fbfa1d0c5"
    },
    "R_whitecard_6": {
      "__uuid__": "403636bd-1407-4f6a-ae94-902e6b2ec9ed"
    },
    "R_whitecard_7": {
      "__uuid__": "df705b02-d578-475a-841f-a2352f4c0249"
    },
    "R_whitecard_8": {
      "__uuid__": "98473270-557c-47bb-92fd-a6ad810bb2ff"
    },
    "R_whitecard_9": {
      "__uuid__": "b9d76473-d17e-4e77-8d94-8db7acafa566"
    },
    "R_whitecard_unk": {
      "__uuid__": "a9433144-18c2-4a15-b7b7-b1c41340e9fb"
    }
  }
}