{
  "__type__": "cc.AnimationClip",
  "_name": "startGame_moveright",
  "_objFlags": 0,
  "_rawFiles": null,
  "_duration": 2.316666666666667,
  "sample": 60,
  "speed": 1,
  "wrapMode": 1,
  "curveData": {
    "props": {
      "position": [
        {
          "frame": 1.0833333333333333,
          "value": [
            -679,
            -225
          ]
        },
        {
          "frame": 1.1666666666666667,
          "value": [
            -639,
            -225
          ]
        },
        {
          "frame": 1.25,
          "value": [
            -599,
            -225
          ]
        },
        {
          "frame": 1.3333333333333333,
          "value": [
            -559,
            -225
          ]
        },
        {
          "frame": 1.4166666666666667,
          "value": [
            -519,
            -225
          ]
        },
        {
          "frame": 1.5,
          "value": [
            -479,
            -225
          ]
        },
        {
          "frame": 1.5833333333333333,
          "value": [
            -439,
            -225
          ]
        },
        {
          "frame": 1.6666666666666667,
          "value": [
            -399,
            -225
          ]
        },
        {
          "frame": 1.75,
          "value": [
            -359,
            -225
          ]
        },
        {
          "frame": 1.8333333333333333,
          "value": [
            -319,
            -225
          ]
        },
        {
          "frame": 2,
          "value": [
            -219,
            -225
          ]
        },
        {
          "frame": 2.15,
          "value": [
            -119,
            -225
          ]
        },
        {
          "frame": 2.316666666666667,
          "value": [
            0,
            -225
          ]
        }
      ]
    }
  },
  "events": []
}