{
  "__type__": "cc.SpriteAtlas",
  "_name": "heads.plist",
  "_objFlags": 0,
  "_rawFiles": null,
  "_spriteFrames": {
    "head1": {
      "__uuid__": "dde020fe-377a-4b3f-9f17-9da952498f12"
    },
    "head10": {
      "__uuid__": "52aacd9e-fa3a-401b-9dbf-a48c52c414ae"
    },
    "head11": {
      "__uuid__": "0bf3cd15-19f1-4234-b0d1-8abc472e97fa"
    },
    "head2": {
      "__uuid__": "d6c14d29-3e97-462f-ad8f-f15064f9f61f"
    },
    "head3": {
      "__uuid__": "26307b74-6167-4a5d-a0e6-9eeba4b5c08c"
    },
    "head4": {
      "__uuid__": "6dcd402c-5b05-4ad1-8e33-12ae902a8bae"
    },
    "head5": {
      "__uuid__": "80e57149-4a2f-4972-ac8e-af06fb145a3c"
    },
    "head6": {
      "__uuid__": "596fc4cf-b258-4274-8140-dc69649edb4c"
    },
    "head7": {
      "__uuid__": "030f4350-981d-4eda-9cfb-cb861acb674f"
    },
    "head8": {
      "__uuid__": "5874b662-5dd4-4b79-8571-ea5711d8ad30"
    },
    "head9": {
      "__uuid__": "98db5d24-7eb5-44bc-9b64-9738ecb70a1d"
    }
  }
}