{
  "__type__": "cc.SpriteAtlas",
  "_name": "card_left.plist",
  "_objFlags": 0,
  "_rawFiles": null,
  "_spriteFrames": {
    "L_blackcard_ random": {
      "__uuid__": "97f1b79b-f578-4689-945e-230aa10bdcd1"
    },
    "L_blackcard_0": {
      "__uuid__": "7a32e9e2-3e34-4c0e-8a5f-88bc62441d62"
    },
    "L_blackcard_1": {
      "__uuid__": "0e005af0-a316-4757-a350-fc1deee4c84b"
    },
    "L_blackcard_10": {
      "__uuid__": "5ae5db26-5877-4b74-abc4-d1d72c5241a1"
    },
    "L_blackcard_11": {
      "__uuid__": "9d3dbd99-852c-4ddd-a792-5edf58c8e925"
    },
    "L_blackcard_2": {
      "__uuid__": "a1b54047-3dba-4822-ac20-2169715f9528"
    },
    "L_blackcard_3": {
      "__uuid__": "78236cd0-e81e-41ed-999d-171fa1b03b03"
    },
    "L_blackcard_4": {
      "__uuid__": "d8ae2b67-53f5-478f-a0b0-182719cbf9f1"
    },
    "L_blackcard_5 ": {
      "__uuid__": "3fa55c79-9b98-4f35-beac-33deee287e84"
    },
    "L_blackcard_6": {
      "__uuid__": "602a53bd-6fe4-4432-b476-8505cae7c139"
    },
    "L_blackcard_7": {
      "__uuid__": "672621bf-a9af-4191-845b-1cb09665a45a"
    },
    "L_blackcard_8": {
      "__uuid__": "88ac55fc-59c8-43e6-bab7-323ddcaa7d3a"
    },
    "L_blackcard_9": {
      "__uuid__": "41a68163-a1b0-4f32-aa80-8f04da26d5b9"
    },
    "L_blackcard_unk": {
      "__uuid__": "a2f3c9df-9b70-4a7f-9d08-3fd9f67c2d53"
    },
    "L_whitecard_ random": {
      "__uuid__": "21741118-fe03-4602-a815-bedf2a0b8f2d"
    },
    "L_whitecard_0": {
      "__uuid__": "fcf35327-9da4-4f51-99cf-20ee4e419800"
    },
    "L_whitecard_1": {
      "__uuid__": "34e7aead-40be-4385-8520-c00da5e14d92"
    },
    "L_whitecard_10": {
      "__uuid__": "89bcacc6-1822-4605-ab58-2ca7d70583b8"
    },
    "L_whitecard_11": {
      "__uuid__": "cbaf8000-07e5-4e2e-8308-bf2bd49ddb09"
    },
    "L_whitecard_2": {
      "__uuid__": "dff994a2-331e-401f-a4d9-14900217cf34"
    },
    "L_whitecard_3": {
      "__uuid__": "1c53f114-09f1-42bd-ad76-1de9180b7fd0"
    },
    "L_whitecard_4": {
      "__uuid__": "b2a7880e-fa8d-451a-92fd-b4e9f475bc5d"
    },
    "L_whitecard_5": {
      "__uuid__": "e77900ba-a8ab-4b22-a752-de284fe933fc"
    },
    "L_whitecard_6": {
      "__uuid__": "03b8b236-8687-459b-b93a-a0872a453b2f"
    },
    "L_whitecard_7": {
      "__uuid__": "0c87b8d8-045b-4f31-83d1-fc820bf31678"
    },
    "L_whitecard_8": {
      "__uuid__": "65ce535c-abbe-40f6-9239-8c8e72cd83ce"
    },
    "L_whitecard_9": {
      "__uuid__": "bf35aea5-87ed-47b5-9e9a-ae1be9b47266"
    },
    "L_whitecard_unk": {
      "__uuid__": "a9aad990-ea88-4b8f-9bbb-7bfbf029fcd0"
    }
  }
}