{
  "appKey": "",
  "appSecret": "",
  "excludeScenes": [
    "246e18b9-3143-49f6-9066-426ccd0fd014",
    "6ac41a79-0a42-431e-adf4-43ea048604d2"
  ],
  "includeAnySDK": false,
  "includeSdk": [
    "anysdk"
  ],
  "inlineSpriteFrames": true,
  "inlineSpriteFrames_native": true,
  "mergeStartScene": false,
  "oauthLoginServer": "",
  "optimizeHotUpdate": false,
  "orientation": {
    "landscapeLeft": true,
    "landscapeRight": true,
    "portrait": false,
    "upsideDown": false
  },
  "packageName": "org.cocos2d.helloworld",
  "privateKey": "",
  "renderMode": "0",
  "startScene": "09ab65f8-a0d6-4487-b3ad-d5bef65ad246",
  "title": "DavinciCode",
  "webOrientation": "auto"
}