{
  "__type__": "cc.SpriteAtlas",
  "_name": "card_myself.plist",
  "_objFlags": 0,
  "_rawFiles": null,
  "_spriteFrames": {
    "M_blackcard_ random": {
      "__uuid__": "4c1c6a72-a9a2-4ad2-8c04-502dc6d0e591"
    },
    "M_blackcard_0": {
      "__uuid__": "690284ff-b411-4dd1-b48d-9c50b7ba42a3"
    },
    "M_blackcard_1": {
      "__uuid__": "66461b3e-a3fc-4dc5-ba57-8ed5a1d9eafc"
    },
    "M_blackcard_10": {
      "__uuid__": "b7d4745b-d371-48ef-84c4-4f4fd0678ae4"
    },
    "M_blackcard_11": {
      "__uuid__": "223faec8-e7bb-44cd-a4e9-58f9fc743b89"
    },
    "M_blackcard_2": {
      "__uuid__": "278636a5-9ee4-4ede-87f1-be64ce6f6f62"
    },
    "M_blackcard_3": {
      "__uuid__": "9e5a6d7d-d050-4fe0-bbba-7f0cc5398abf"
    },
    "M_blackcard_4": {
      "__uuid__": "120084b6-1a5d-4f31-8e87-b3e6ebbb4848"
    },
    "M_blackcard_5": {
      "__uuid__": "0d8bbed7-4798-4c67-bdf5-d4e8fcf8bc5a"
    },
    "M_blackcard_6": {
      "__uuid__": "34302dbe-076c-407a-8855-22aeefc7952d"
    },
    "M_blackcard_7": {
      "__uuid__": "a7485569-fa17-4844-8f22-e1b5acc1538a"
    },
    "M_blackcard_8": {
      "__uuid__": "921d72df-5dbd-462f-a23e-c1ea33678fca"
    },
    "M_blackcard_9": {
      "__uuid__": "c502e567-599f-4813-a700-c86f3db71ac9"
    },
    "M_blackcard_unk": {
      "__uuid__": "10da9c73-b272-48cf-a1e4-a9cd1ed87f50"
    },
    "M_whitecard_ random": {
      "__uuid__": "c9427923-b475-4c31-a987-5e98f1d5b9cf"
    },
    "M_whitecard_0": {
      "__uuid__": "e79d0b92-bb6a-4656-86a3-a568c432c220"
    },
    "M_whitecard_1": {
      "__uuid__": "f846d724-66de-4e43-aa56-304be622e7d4"
    },
    "M_whitecard_10": {
      "__uuid__": "dc116112-20ed-424a-b40b-862307f3d8d0"
    },
    "M_whitecard_11": {
      "__uuid__": "09cf26c0-856e-4dfa-8605-c1af05d46f74"
    },
    "M_whitecard_2": {
      "__uuid__": "aeebd72a-fca1-4cb4-9d4f-bbf240dcb4ba"
    },
    "M_whitecard_3": {
      "__uuid__": "a49907b8-5689-4d64-b90e-a05459ac454a"
    },
    "M_whitecard_4": {
      "__uuid__": "fc609d5f-15a1-47c1-87c4-404fc026a19b"
    },
    "M_whitecard_5": {
      "__uuid__": "2c69bd8c-e348-40a2-a2c7-3a89b24c4c03"
    },
    "M_whitecard_6": {
      "__uuid__": "cac62501-18bd-4e55-ae3f-c4b55873df32"
    },
    "M_whitecard_7": {
      "__uuid__": "6e458713-6600-4605-b2ce-181cb9ee36b3"
    },
    "M_whitecard_8": {
      "__uuid__": "a1c79e27-2366-4e9f-91bc-41f5b8a44ea0"
    },
    "M_whitecard_9": {
      "__uuid__": "b973358c-c196-4a83-84fe-eb7fc8a50b44"
    },
    "M_whitecard_unk": {
      "__uuid__": "e669c824-ff5b-4acf-b001-6813ebd90e63"
    }
  }
}