{
  "__type__": "cc.AnimationClip",
  "_name": "newsFlow",
  "_objFlags": 0,
  "_rawFiles": null,
  "_duration": 1.3333333333333333,
  "sample": 60,
  "speed": 0.1,
  "wrapMode": 0,
  "curveData": {
    "props": {
      "position": [
        {
          "frame": 0,
          "value": [
            -1000,
            0
          ]
        },
        {
          "frame": 0.08333333333333333,
          "value": [
            -800,
            0
          ]
        },
        {
          "frame": 0.16666666666666666,
          "value": [
            -500,
            0
          ]
        },
        {
          "frame": 0.25,
          "value": [
            -400,
            0
          ]
        },
        {
          "frame": 0.3333333333333333,
          "value": [
            -300,
            0
          ]
        },
        {
          "frame": 0.4166666666666667,
          "value": [
            -200,
            0
          ]
        },
        {
          "frame": 0.5,
          "value": [
            -100,
            0
          ]
        },
        {
          "frame": 0.5833333333333334,
          "value": [
            0,
            0
          ]
        },
        {
          "frame": 0.6666666666666666,
          "value": [
            100,
            0
          ]
        },
        {
          "frame": 0.75,
          "value": [
            200,
            0
          ]
        },
        {
          "frame": 0.8333333333333334,
          "value": [
            300,
            0
          ]
        },
        {
          "frame": 0.9166666666666666,
          "value": [
            400,
            0
          ]
        },
        {
          "frame": 1,
          "value": [
            500,
            0
          ]
        },
        {
          "frame": 1.0833333333333333,
          "value": [
            600,
            0
          ]
        },
        {
          "frame": 1.1666666666666667,
          "value": [
            700,
            0
          ]
        },
        {
          "frame": 1.25,
          "value": [
            900,
            0
          ]
        },
        {
          "frame": 1.3333333333333333,
          "value": [
            1000,
            0
          ]
        }
      ]
    }
  },
  "events": []
}