{
  "__type__": "cc.AnimationClip",
  "_name": "label2_moveright",
  "_objFlags": 0,
  "_rawFiles": null,
  "_duration": 1.0833333333333333,
  "sample": 60,
  "speed": 0.8,
  "wrapMode": 1,
  "curveData": {
    "props": {
      "position": [
        {
          "frame": 0.4166666666666667,
          "value": [
            -946,
            38
          ]
        },
        {
          "frame": 0.5,
          "value": [
            -846,
            38
          ]
        },
        {
          "frame": 0.5833333333333334,
          "value": [
            -746,
            38
          ]
        },
        {
          "frame": 0.6666666666666666,
          "value": [
            -646,
            38
          ]
        },
        {
          "frame": 0.75,
          "value": [
            -546,
            38
          ]
        },
        {
          "frame": 0.8333333333333334,
          "value": [
            -446,
            38
          ]
        },
        {
          "frame": 0.9166666666666666,
          "value": [
            -346,
            38
          ]
        },
        {
          "frame": 1,
          "value": [
            -246,
            38
          ]
        },
        {
          "frame": 1.0833333333333333,
          "value": [
            -146,
            38
          ]
        }
      ]
    }
  },
  "events": []
}